{"objectThresholds":{"1":5000,"2":75,"3":500,"4":500},"logGammaRange":[-1.5,1.5,0.699999988079071],"voxelDim":[1.0399999618530273,1.0399999618530273,2.680000066757202],"segNames":["segmentation"],"trackColours":{"1":-3618806,"2":-3618806,"3":-3618806,"4":-3618806},"skeletonScaling":[0.009999999776482582,0.009999999776482582,0.009999999776482582],"loadProbMaps":true,"generateBlendedImages":false,"objectScaling":[1.0399999618530273,1.0399999618530273,2.680000066757202],"objectAndTrackNames":["objectAnalysis"],"trackNames":["trackNodeTable1"],"meshColours":{"1":-11548542,"2":-3667446,"3":-16119096,"4":-4977996},"datasetFolder":"20190830_pos4","slicePadNumber":4,"timeSteps":[1],"segsSubfolder":"segmented","filenameStackNumberStartStopSubstrings":["-t","-e"],"maxChannelPercentageThreshold":30,"filenameStackNumberMethod":"between_substrings","positionOffSetForMultiTimesteps":[-70,0,120],"parentClasses":{"1":-1,"2":4,"3":4,"4":1},"objectfolders":["objectAnalysis"],"segFolders":["d19_intAdj_rep1ds1gd_rf"],"loadImageData":true,"datasetName":"20190830_pos4","loadObjectData":false,"meshScaling":[1.0399999618530273,1.0399999618530273,2.680000066757202],"rootPath":"/home/james/image_data/visualiser/","probMapsSubfolder":"probability_maps","imageFolderSubfolder":"deconv","objectClasses":[1,2,3,4],"filenameLookupFolder":"/home/james/image_data/visualiser/20190830_pos4/d19_intAdj_rep1ds1gd_rf/objectAnalysis/","classColours":{"1":-1773142142,"2":-922809846,"3":-603321601,"4":-922809601},"loadTracks":false,"trackTimeOffsets":[0]}